'nim','kodemk','nilaiH','TA'
'F1B110078','EL3101','C+','2013/2014'
'F1B111002','EL3101','C','2013/2014'
'F1B111014','EL3101','C+','2013/2014'
'F1B111021','EL3101','B','2013/2014'
'F1B111029','EL3101','B+','2013/2014'
'F1B111030','EL3101','C','2013/2014'
'F1B111031','EL3101','B','2013/2014'
'F1B111041','EL3101','D','2013/2014'
'F1B111043','EL3101','D+','2013/2014'
'F1B111053','EL3101','D+','2013/2014'
'F1B111059','EL3101','C','2013/2014'
'F1B111063','EL3101','C+','2013/2014'
'F1B111077','EL3101','E','2013/2014'
'F1B111079','EL3101','B+','2013/2014'
'F1B111088','EL3101','D','2013/2014'
'F1B113035','EL3101','K','2013/2014'
'F1B110001','ET3012','C+','2013/2014'
'F1B110014','ET3012','B','2013/2014'
'F1B110015','ET3012','B','2013/2014'
'F1B110020','ET3012','B+','2013/2014'
'F1B110030','ET3012','B','2013/2014'
'F1B110038','ET3012','B+','2013/2014'
'F1B110040','ET3012','C','2013/2014'
'F1B110041','ET3012','B','2013/2014'
'F1B110056','ET3012','C+','2013/2014'
'F1B110070','ET3012','C+','2013/2014'
'F1B110072','ET3012','B','2013/2014'
'F1B110073','ET3012','B','2013/2014'
'F1B110076','ET3012','C+','2013/2014'
'F1B111017','ET3012','B','2013/2014'
'F1B111070','ET3012','B','2013/2014'
'F1B110005','EE4109','E','2013/2014'
'F1B110028','EE4109','D','2013/2014'
'F1B110033','EE4109','E','2013/2014'
'F1B110036','EE4109','E','2013/2014'
'F1B110063','EE4109','E','2013/2014'
'F1B110067','EE4109','E','2013/2014'
'F1B111006','EE4109','C','2013/2014'
'F1B111007','EE4109','E','2013/2014'
'F1B111008','EE4109','E','2013/2014'
'F1B111009','EE4109','E','2013/2014'
'F1B111011','EE4109','E','2013/2014'
'F1B111019','EE4109','D','2013/2014'
'F1B111027','EE4109','C+','2013/2014'
'F1B111033','EE4109','D','2013/2014'
'F1B111035','EE4109','C+','2013/2014'
'F1B111045','EE4109','E','2013/2014'
'F1B111051','EE4109','D','2013/2014'
'F1B111056','EE4109','C','2013/2014'
'F1B111062','EE4109','D','2013/2014'
'F1B111066','EE4109','C','2013/2014'
'F1B111072','EE4109','D','2013/2014'
'F1B111087','EE4109','D+','2013/2014'
'F1B111089','EE4109','C','2013/2014'
'F1B112005','EU1102','C','2013/2014'
'F1B112031','EU1102','B','2013/2014'
'F1B112045','EU1102','D+','2013/2014'
'F1B113001','EU1102','B','2013/2014'
'F1B113002','EU1102','A','2013/2014'
'F1B113003','EU1102','D','2013/2014'
'F1B113004','EU1102','D','2013/2014'
'F1B113005','EU1102','C+','2013/2014'
'F1B113006','EU1102','A','2013/2014'
'F1B113007','EU1102','K','2013/2014'
'F1B113008','EU1102','C+','2013/2014'
'F1B113009','EU1102','D','2013/2014'
'F1B113010','EU1102','C+','2013/2014'
'F1B113011','EU1102','A','2013/2014'
'F1B113012','EU1102','K','2013/2014'
'F1B113013','EU1102','B','2013/2014'
'F1B113014','EU1102','A','2013/2014'
'F1B113015','EU1102','C','2013/2014'
'F1B113016','EU1102','B+','2013/2014'
'F1B113017','EU1102','C+','2013/2014'
'F1B113018','EU1102','B+','2013/2014'
'F1B113019','EU1102','D+','2013/2014'
'F1B113020','EU1102','D+','2013/2014'
'F1B113021','EU1102','A','2013/2014'
'F1B113022','EU1102','D','2013/2014'
'F1B113023','EU1102','D','2013/2014'
'F1B113024','EU1102','B+','2013/2014'
'F1B113025','EU1102','K','2013/2014'
'F1B113026','EU1102','B','2013/2014'
'F1B113027','EU1102','C+','2013/2014'
'F1B113028','EU1102','C+','2013/2014'
'F1B113029','EU1102','B','2013/2014'
'F1B113030','EU1102','A','2013/2014'
'F1B113031','EU1102','D','2013/2014'
'F1B113032','EU1102','B','2013/2014'
'F1B113033','EU1102','B','2013/2014'
'F1B113034','EU1102','D','2013/2014'
'F1B113036','EU1102','B','2013/2014'
'F1B113037','EU1102','A','2013/2014'
'F1B113038','EU1102','E','2013/2014'
'F1B113039','EU1102','B','2013/2014'
'F1B113040','EU1102','K','2013/2014'
'F1B110006','EU2124','C','2013/2014'
'F1B110017','EU2124','K','2013/2014'
'F1B110018','EU2124','D','2013/2014'
'F1B110027','EU2124','D','2013/2014'
'F1B110041','EU2124','C','2013/2014'
'F1B110053','EU2124','D','2013/2014'
'F1B110056','EU2124','B','2013/2014'
'F1B110073','EU2124','C','2013/2014'
'F1B110078','EU2124','C+','2013/2014'
'F1B111004','EU2124','C+','2013/2014'
'F1B111022','EU2124','C','2013/2014'
'F1B111032','EU2124','D','2013/2014'
'F1B111072','EU2124','C','2013/2014'
'F1B112001','EU2124','D','2013/2014'
'F1B112002','EU2124','D','2013/2014'
'F1B112003','EU2124','D','2013/2014'
'F1B112004','EU2124','E','2013/2014'
'F1B112005','EU2124','C+','2013/2014'
'F1B112006','EU2124','C','2013/2014'
'F1B112011','EU2124','C','2013/2014'
'F1B112015','EU2124','C+','2013/2014'
'F1B112016','EU2124','C','2013/2014'
'F1B112017','EU2124','B','2013/2014'
'F1B112018','EU2124','D','2013/2014'
'F1B112024','EU2124','D','2013/2014'
'F1B112025','EU2124','C+','2013/2014'
'F1B112026','EU2124','D','2013/2014'
'F1B112027','EU2124','D','2013/2014'
'F1B112030','EU2124','D','2013/2014'
'F1B112031','EU2124','C','2013/2014'
'F1B112033','EU2124','E','2013/2014'
'F1B112034','EU2124','D','2013/2014'
'F1B112036','EU2124','B+','2013/2014'
'F1B112037','EU2124','B','2013/2014'
'F1B112038','EU2124','B','2013/2014'
'F1B112041','EU2124','C','2013/2014'
'F1B112042','EU2124','C','2013/2014'
'F1B112045','EU2124','D','2013/2014'
'F1B112046','EU2124','E','2013/2014'
'F1B112048','EU2124','C+','2013/2014'
'F1B112051','EU2124','C','2013/2014'
'F1B111001','EE3101','E','2013/2014'
'F1B111015','EE3101','B','2013/2014'
'F1B111024','EE3101','B+','2013/2014'
'F1B111034','EE3101','B+','2013/2014'
'F1B111042','EE3101','C+','2013/2014'
'F1B111047','EE3101','B','2013/2014'
'F1B111075','EE3101','C+','2013/2014'
'F1B111080','EE3101','B','2013/2014'
'F1B110020','EU2123','B','2013/2014'
'F1B110040','EU2123','D+','2013/2014'
'F1B110041','EU2123','C+','2013/2014'
'F1B110056','EU2123','C','2013/2014'
'F1B110059','EU2123','D','2013/2014'
'F1B110073','EU2123','C','2013/2014'
'F1B111004','EU2123','C','2013/2014'
'F1B111080','EU2123','B','2013/2014'
'F1B112001','EU2123','C+','2013/2014'
'F1B112002','EU2123','E','2013/2014'
'F1B112005','EU2123','B','2013/2014'
'F1B112006','EU2123','E','2013/2014'
'F1B112011','EU2123','E','2013/2014'
'F1B112012','EU2123','K','2013/2014'
'F1B112015','EU2123','B','2013/2014'
'F1B112016','EU2123','C','2013/2014'
'F1B112017','EU2123','B','2013/2014'
'F1B112018','EU2123','E','2013/2014'
'F1B112024','EU2123','D+','2013/2014'
'F1B112025','EU2123','C','2013/2014'
'F1B112026','EU2123','E','2013/2014'
'F1B112030','EU2123','D','2013/2014'
'F1B112031','EU2123','C+','2013/2014'
'F1B112034','EU2123','D+','2013/2014'
'F1B112036','EU2123','B+','2013/2014'
'F1B112037','EU2123','C+','2013/2014'
'F1B112038','EU2123','D+','2013/2014'
'F1B112040','EU2123','D','2013/2014'
'F1B112041','EU2123','D','2013/2014'
'F1B112042','EU2123','E','2013/2014'
'F1B112045','EU2123','K','2013/2014'
'F1B112046','EU2123','K','2013/2014'
'F1B112048','EU2123','D+','2013/2014'
'F1B112050','EU2123','E','2013/2014'
'F1B112051','EU2123','E','2013/2014'
'F1B112052','EU2123','K','2013/2014'
'F1B112053','EU2123','K','2013/2014'
'F1B113001','EU1109','E','2013/2014'
'F1B113002','EU1109','C','2013/2014'
'F1B113003','EU1109','K','2013/2014'
'F1B113004','EU1109','K','2013/2014'
'F1B113005','EU1109','K','2013/2014'
'F1B113006','EU1109','B','2013/2014'
'F1B113007','EU1109','K','2013/2014'
'F1B113008','EU1109','D+','2013/2014'
'F1B113009','EU1109','D+','2013/2014'
'F1B113010','EU1109','E','2013/2014'
'F1B113011','EU1109','A','2013/2014'
'F1B113012','EU1109','K','2013/2014'
'F1B113013','EU1109','B','2013/2014'
'F1B113014','EU1109','E','2013/2014'
'F1B113015','EU1109','E','2013/2014'
'F1B113016','EU1109','D','2013/2014'
'F1B113017','EU1109','D+','2013/2014'
'F1B113018','EU1109','K','2013/2014'
'F1B113019','EU1109','D+','2013/2014'
'F1B113020','EU1109','E','2013/2014'
'F1B113021','EU1109','D+','2013/2014'
'F1B113022','EU1109','K','2013/2014'
'F1B113023','EU1109','K','2013/2014'
'F1B113024','EU1109','B','2013/2014'
'F1B113025','EU1109','K','2013/2014'
'F1B113026','EU1109','C','2013/2014'
'F1B113027','EU1109','C','2013/2014'
'F1B113028','EU1109','D+','2013/2014'
'F1B113029','EU1109','C+','2013/2014'
'F1B113030','EU1109','B','2013/2014'
'F1B113031','EU1109','E','2013/2014'
'F1B113032','EU1109','D','2013/2014'
'F1B113033','EU1109','B','2013/2014'
'F1B113034','EU1109','E','2013/2014'
'F1B113036','EU1109','E','2013/2014'
'F1B113037','EU1109','C+','2013/2014'
'F1B113038','EU1109','K','2013/2014'
'F1B113039','EU1109','E','2013/2014'
'F1B113040','EU1109','K','2013/2014'
'F1B110006','EL4114','D','2013/2014'
'F1B110025','EL4114','B','2013/2014'
'F1B110027','EL4114','C','2013/2014'
'F1B110042','EL4114','D+','2013/2014'
'F1B110045','EL4114','C','2013/2014'
'F1B110053','EL4114','D+','2013/2014'
'F1B110055','EL4114','B','2013/2014'
'F1B110057','EL4114','D','2013/2014'
'F1B110062','EL4114','C','2013/2014'
'F1B110066','EL4114','C+','2013/2014'
'F1B110078','EL4114','D+','2013/2014'
'F1B111002','EL4114','C','2013/2014'
'F1B111014','EL4114','C','2013/2014'
'F1B111021','EL4114','C','2013/2014'
'F1B111029','EL4114','D+','2013/2014'
'F1B111031','EL4114','B','2013/2014'
'F1B111043','EL4114','C','2013/2014'
'F1B111053','EL4114','D+','2013/2014'
'F1B111063','EL4114','D+','2013/2014'
'F1B111079','EL4114','D+','2013/2014'
'F1B111088','EL4114','D','2013/2014'
'F1B110036','EE3102','B+','2013/2014'
'F1B111001','EE3102','K','2013/2014'
'F1B111015','EE3102','B+','2013/2014'
'F1B111023','EE3102','B+','2013/2014'
'F1B111024','EE3102','A','2013/2014'
'F1B111034','EE3102','B+','2013/2014'
'F1B111042','EE3102','B+','2013/2014'
'F1B111047','EE3102','B+','2013/2014'
'F1B111075','EE3102','B+','2013/2014'
'F1B111080','EE3102','A','2013/2014'
'F1B110005','EE4108','A','2013/2014'
'F1B110028','EE4108','A','2013/2014'
'F1B110033','EE4108','A','2013/2014'
'F1B110036','EE4108','A','2013/2014'
'F1B110059','EE4108','A','2013/2014'
'F1B110063','EE4108','A','2013/2014'
'F1B110067','EE4108','A','2013/2014'
'F1B110077','EE4108','A','2013/2014'
'F1B113001','EU1103','C+','2013/2014'
'F1B113002','EU1103','B','2013/2014'
'F1B113003','EU1103','D+','2013/2014'
'F1B113004','EU1103','C+','2013/2014'
'F1B113005','EU1103','D','2013/2014'
'F1B113006','EU1103','B','2013/2014'
'F1B113007','EU1103','K','2013/2014'
'F1B113008','EU1103','E','2013/2014'
'F1B113009','EU1103','D+','2013/2014'
'F1B113010','EU1103','K','2013/2014'
'F1B113011','EU1103','B','2013/2014'
'F1B113012','EU1103','K','2013/2014'
'F1B113013','EU1103','B','2013/2014'
'F1B113014','EU1103','D+','2013/2014'
'F1B113015','EU1103','D+','2013/2014'
'F1B113016','EU1103','D+','2013/2014'
'F1B113017','EU1103','D','2013/2014'
'F1B113018','EU1103','B','2013/2014'
'F1B113019','EU1103','E','2013/2014'
'F1B113020','EU1103','E','2013/2014'
'F1B113021','EU1103','D+','2013/2014'
'F1B113022','EU1103','D','2013/2014'
'F1B113023','EU1103','E','2013/2014'
'F1B113024','EU1103','B+','2013/2014'
'F1B113025','EU1103','E','2013/2014'
'F1B113026','EU1103','C','2013/2014'
'F1B113027','EU1103','D','2013/2014'
'F1B113028','EU1103','D','2013/2014'
'F1B113029','EU1103','D+','2013/2014'
'F1B113030','EU1103','C','2013/2014'
'F1B113031','EU1103','D+','2013/2014'
'F1B113032','EU1103','D+','2013/2014'
'F1B113033','EU1103','C','2013/2014'
'F1B113034','EU1103','D','2013/2014'
'F1B113036','EU1103','D','2013/2014'
'F1B113037','EU1103','B+','2013/2014'
'F1B113038','EU1103','D','2013/2014'
'F1B113039','EU1103','E','2013/2014'
'F1B113040','EU1103','K','2013/2014'
'F1B112039','EU1106','C+','2013/2014'
'F1B112046','EU1106','C','2013/2014'
'F1B113001','EU1106','B','2013/2014'
'F1B113002','EU1106','B','2013/2014'
'F1B113003','EU1106','D+','2013/2014'
'F1B113004','EU1106','B+','2013/2014'
'F1B113005','EU1106','C+','2013/2014'
'F1B113006','EU1106','B+','2013/2014'
'F1B113007','EU1106','K','2013/2014'
'F1B113008','EU1106','B+','2013/2014'
'F1B113009','EU1106','E','2013/2014'
'F1B113010','EU1106','D+','2013/2014'
'F1B113011','EU1106','A','2013/2014'
'F1B113012','EU1106','K','2013/2014'
'F1B113013','EU1106','B','2013/2014'
'F1B113014','EU1106','B+','2013/2014'
'F1B113015','EU1106','B','2013/2014'
'F1B113016','EU1106','B+','2013/2014'
'F1B113017','EU1106','C+','2013/2014'
'F1B113018','EU1106','E','2013/2014'
'F1B113019','EU1106','C','2013/2014'
'F1B113020','EU1106','C+','2013/2014'
'F1B113021','EU1106','B','2013/2014'
'F1B113022','EU1106','C+','2013/2014'
'F1B113023','EU1106','D+','2013/2014'
'F1B113024','EU1106','B+','2013/2014'
'F1B113025','EU1106','E','2013/2014'
'F1B113026','EU1106','B','2013/2014'
'F1B113027','EU1106','D+','2013/2014'
'F1B113028','EU1106','B+','2013/2014'
'F1B113029','EU1106','C','2013/2014'
'F1B113030','EU1106','B','2013/2014'
'F1B113031','EU1106','B','2013/2014'
'F1B113032','EU1106','C+','2013/2014'
'F1B113033','EU1106','B+','2013/2014'
'F1B113034','EU1106','C+','2013/2014'
'F1B113036','EU1106','C+','2013/2014'
'F1B113037','EU1106','B+','2013/2014'
'F1B113038','EU1106','C+','2013/2014'
'F1B113039','EU1106','B','2013/2014'
'F1B113040','EU1106','K','2013/2014'
'F1B110044','ET3103','B','2013/2014'
'F1B111005','ET3103','B+','2013/2014'
'F1B111010','ET3103','B','2013/2014'
'F1B111012','ET3103','B','2013/2014'
'F1B111017','ET3103','B+','2013/2014'
'F1B111020','ET3103','C','2013/2014'
'F1B111022','ET3103','C+','2013/2014'
'F1B111025','ET3103','C+','2013/2014'
'F1B111026','ET3103','B+','2013/2014'
'F1B111032','ET3103','C+','2013/2014'
'F1B111039','ET3103','A','2013/2014'
'F1B111040','ET3103','B+','2013/2014'
'F1B111049','ET3103','B','2013/2014'
'F1B111054','ET3103','B+','2013/2014'
'F1B111070','ET3103','A','2013/2014'
'F1B111081','ET3103','B','2013/2014'
'F1B111083','ET3103','B','2013/2014'
'F1B110020','EU1104','B+','2013/2014'
'F1B112045','EU1104','E','2013/2014'
'F1B112046','EU1104','E','2013/2014'
'F1B113001','EU1104','D+','2013/2014'
'F1B113002','EU1104','E','2013/2014'
'F1B113003','EU1104','E','2013/2014'
'F1B113004','EU1104','E','2013/2014'
'F1B113005','EU1104','E','2013/2014'
'F1B113006','EU1104','A','2013/2014'
'F1B113007','EU1104','K','2013/2014'
'F1B113008','EU1104','E','2013/2014'
'F1B113009','EU1104','E','2013/2014'
'F1B113010','EU1104','E','2013/2014'
'F1B113011','EU1104','B+','2013/2014'
'F1B113012','EU1104','K','2013/2014'
'F1B113013','EU1104','D','2013/2014'
'F1B113014','EU1104','E','2013/2014'
'F1B113015','EU1104','E','2013/2014'
'F1B113016','EU1104','D','2013/2014'
'F1B113017','EU1104','E','2013/2014'
'F1B113018','EU1104','D+','2013/2014'
'F1B113019','EU1104','E','2013/2014'
'F1B113020','EU1104','E','2013/2014'
'F1B113021','EU1104','E','2013/2014'
'F1B113022','EU1104','E','2013/2014'
'F1B113023','EU1104','E','2013/2014'
'F1B113024','EU1104','D','2013/2014'
'F1B113025','EU1104','E','2013/2014'
'F1B113026','EU1104','D+','2013/2014'
'F1B113027','EU1104','D+','2013/2014'
'F1B113028','EU1104','E','2013/2014'
'F1B113029','EU1104','E','2013/2014'
'F1B113030','EU1104','C','2013/2014'
'F1B113031','EU1104','E','2013/2014'
'F1B113032','EU1104','E','2013/2014'
'F1B113033','EU1104','C','2013/2014'
'F1B113034','EU1104','E','2013/2014'
'F1B113036','EU1104','E','2013/2014'
'F1B113037','EU1104','D+','2013/2014'
'F1B113038','EU1104','E','2013/2014'
'F1B113039','EU1104','E','2013/2014'
'F1B113040','EU1104','K','2013/2014'
'F1B110006','EL4025','C','2013/2014'
'F1B110025','EL4025','A','2013/2014'
'F1B110042','EL4025','C+','2013/2014'
'F1B110045','EL4025','B+','2013/2014'
'F1B110055','EL4025','B+','2013/2014'
'F1B110057','EL4025','B+','2013/2014'
'F1B110062','EL4025','C','2013/2014'
'F1B110066','EL4025','C+','2013/2014'
'F1B110078','EL4025','B','2013/2014'
'F1B110001','ET4019','B','2013/2014'
'F1B110014','ET4019','B+','2013/2014'
'F1B110015','ET4019','C','2013/2014'
'F1B110018','ET4019','B','2013/2014'
'F1B110020','ET4019','A','2013/2014'
'F1B110030','ET4019','A','2013/2014'
'F1B110038','ET4019','B+','2013/2014'
'F1B110040','ET4019','B','2013/2014'
'F1B110041','ET4019','B','2013/2014'
'F1B110056','ET4019','A','2013/2014'
'F1B110070','ET4019','B+','2013/2014'
'F1B110072','ET4019','A','2013/2014'
'F1B110073','ET4019','B','2013/2014'
'F1B110076','ET4019','C+','2013/2014'
'F1B111070','ET4019','B+','2013/2014'
'F1B112046','EU1107','C+','2013/2014'
'F1B113001','EU1107','B+','2013/2014'
'F1B113002','EU1107','A','2013/2014'
'F1B113003','EU1107','E','2013/2014'
'F1B113004','EU1107','B+','2013/2014'
'F1B113005','EU1107','E','2013/2014'
'F1B113006','EU1107','B+','2013/2014'
'F1B113007','EU1107','K','2013/2014'
'F1B113008','EU1107','B','2013/2014'
'F1B113009','EU1107','B','2013/2014'
'F1B113010','EU1107','E','2013/2014'
'F1B113011','EU1107','A','2013/2014'
'F1B113012','EU1107','K','2013/2014'
'F1B113013','EU1107','B','2013/2014'
'F1B113014','EU1107','C+','2013/2014'
'F1B113015','EU1107','C+','2013/2014'
'F1B113016','EU1107','A','2013/2014'
'F1B113017','EU1107','C+','2013/2014'
'F1B113018','EU1107','B+','2013/2014'
'F1B113019','EU1107','D','2013/2014'
'F1B113020','EU1107','D+','2013/2014'
'F1B113021','EU1107','B','2013/2014'
'F1B113022','EU1107','C+','2013/2014'
'F1B113023','EU1107','E','2013/2014'
'F1B113024','EU1107','B','2013/2014'
'F1B113025','EU1107','K','2013/2014'
'F1B113026','EU1107','B','2013/2014'
'F1B113027','EU1107','D+','2013/2014'
'F1B113028','EU1107','B+','2013/2014'
'F1B113029','EU1107','D+','2013/2014'
'F1B113030','EU1107','B+','2013/2014'
'F1B113031','EU1107','C+','2013/2014'
'F1B113032','EU1107','B','2013/2014'
'F1B113033','EU1107','C+','2013/2014'
'F1B113034','EU1107','B','2013/2014'
'F1B113035','EU1107','K','2013/2014'
'F1B113036','EU1107','B','2013/2014'
'F1B113037','EU1107','A','2013/2014'
'F1B113038','EU1107','E','2013/2014'
'F1B113039','EU1107','B','2013/2014'
'F1B113040','EU1107','K','2013/2014'
'F1B110006','EL4117','D+','2013/2014'
'F1B110025','EL4117','B','2013/2014'
'F1B110027','EL4117','D+','2013/2014'
'F1B110042','EL4117','C','2013/2014'
'F1B110045','EL4117','C+','2013/2014'
'F1B110053','EL4117','C','2013/2014'
'F1B110055','EL4117','B+','2013/2014'
'F1B110057','EL4117','C+','2013/2014'
'F1B110062','EL4117','C','2013/2014'
'F1B110066','EL4117','B+','2013/2014'
'F1B110078','EL4117','D+','2013/2014'
'F1B110001','EU3138','B+','2013/2014'
'F1B110014','EU3138','B','2013/2014'
'F1B110018','EU3138','C+','2013/2014'
'F1B110040','EU3138','C','2013/2014'
'F1B110044','EU3138','E','2013/2014'
'F1B110072','EU3138','B','2013/2014'
'F1B111002','EU3138','C+','2013/2014'
'F1B111004','EU3138','D','2013/2014'
'F1B111005','EU3138','D','2013/2014'
'F1B111010','EU3138','E','2013/2014'
'F1B111012','EU3138','E','2013/2014'
'F1B111014','EU3138','C+','2013/2014'
'F1B111015','EU3138','D+','2013/2014'
'F1B111017','EU3138','B','2013/2014'
'F1B111021','EU3138','C','2013/2014'
'F1B111022','EU3138','B','2013/2014'
'F1B111023','EU3138','D+','2013/2014'
'F1B111024','EU3138','D','2013/2014'
'F1B111025','EU3138','C','2013/2014'
'F1B111026','EU3138','C','2013/2014'
'F1B111029','EU3138','D+','2013/2014'
'F1B111030','EU3138','E','2013/2014'
'F1B111031','EU3138','D+','2013/2014'
'F1B111032','EU3138','E','2013/2014'
'F1B111034','EU3138','D+','2013/2014'
'F1B111039','EU3138','B+','2013/2014'
'F1B111040','EU3138','E','2013/2014'
'F1B111041','EU3138','D+','2013/2014'
'F1B111042','EU3138','K','2013/2014'
'F1B111043','EU3138','D+','2013/2014'
'F1B111047','EU3138','E','2013/2014'
'F1B111049','EU3138','D+','2013/2014'
'F1B111053','EU3138','C+','2013/2014'
'F1B111054','EU3138','C+','2013/2014'
'F1B111063','EU3138','C+','2013/2014'
'F1B111070','EU3138','B+','2013/2014'
'F1B111075','EU3138','D','2013/2014'
'F1B111077','EU3138','E','2013/2014'
'F1B111079','EU3138','B','2013/2014'
'F1B111080','EU3138','D','2013/2014'
'F1B111083','EU3138','B','2013/2014'
'F1B111088','EU3138','B','2013/2014'
'F1B112015','EU3138','B','2013/2014'
'F1B110016','EK3101','B','2013/2014'
'F1B111006','EK3101','C','2013/2014'
'F1B111007','EK3101','C','2013/2014'
'F1B111008','EK3101','B','2013/2014'
'F1B111009','EK3101','C','2013/2014'
'F1B111011','EK3101','C','2013/2014'
'F1B111019','EK3101','C+','2013/2014'
'F1B111027','EK3101','B','2013/2014'
'F1B111033','EK3101','C','2013/2014'
'F1B111035','EK3101','C+','2013/2014'
'F1B111045','EK3101','B','2013/2014'
'F1B111051','EK3101','C','2013/2014'
'F1B111056','EK3101','C+','2013/2014'
'F1B111062','EK3101','C','2013/2014'
'F1B111072','EK3101','C','2013/2014'
'F1B111087','EK3101','A','2013/2014'
'F1B111089','EK3101','C+','2013/2014'
'F1B110001','EU2119','B','2013/2014'
'F1B110014','EU2119','C','2013/2014'
'F1B110057','EU2119','C','2013/2014'
'F1B110076','EU2119','D','2013/2014'
'F1B111004','EU2119','D+','2013/2014'
'F1B112001','EU2119','C+','2013/2014'
'F1B112003','EU2119','D+','2013/2014'
'F1B112004','EU2119','D+','2013/2014'
'F1B112005','EU2119','C+','2013/2014'
'F1B112006','EU2119','D+','2013/2014'
'F1B112015','EU2119','C+','2013/2014'
'F1B112016','EU2119','D+','2013/2014'
'F1B112017','EU2119','B+','2013/2014'
'F1B112018','EU2119','E','2013/2014'
'F1B112024','EU2119','D','2013/2014'
'F1B112025','EU2119','C','2013/2014'
'F1B112026','EU2119','E','2013/2014'
'F1B112027','EU2119','C','2013/2014'
'F1B112030','EU2119','E','2013/2014'
'F1B112031','EU2119','B','2013/2014'
'F1B112033','EU2119','E','2013/2014'
'F1B112034','EU2119','D+','2013/2014'
'F1B112036','EU2119','C','2013/2014'
'F1B112037','EU2119','D','2013/2014'
'F1B112038','EU2119','E','2013/2014'
'F1B112039','EU2119','C+','2013/2014'
'F1B112040','EU2119','E','2013/2014'
'F1B112041','EU2119','E','2013/2014'
'F1B112042','EU2119','E','2013/2014'
'F1B112045','EU2119','E','2013/2014'
'F1B112048','EU2119','E','2013/2014'
'F1B112050','EU2119','E','2013/2014'
'F1B112051','EU2119','C','2013/2014'
'F1B112052','EU2119','E','2013/2014'
'F1B112053','EU2119','E','2013/2014'
'F1B113035','EU2119','E','2013/2014'
'F1B110077','EU2121','D+','2013/2014'
'F1B111004','EU2121','C+','2013/2014'
'F1B111032','EU2121','D+','2013/2014'
'F1B111035','EU2121','B+','2013/2014'
'F1B111045','EU2121','D','2013/2014'
'F1B112001','EU2121','C+','2013/2014'
'F1B112003','EU2121','D','2013/2014'
'F1B112005','EU2121','B','2013/2014'
'F1B112006','EU2121','C','2013/2014'
'F1B112015','EU2121','B+','2013/2014'
'F1B112016','EU2121','C+','2013/2014'
'F1B112017','EU2121','A','2013/2014'
'F1B112018','EU2121','D','2013/2014'
'F1B112024','EU2121','D+','2013/2014'
'F1B112025','EU2121','C','2013/2014'
'F1B112026','EU2121','C+','2013/2014'
'F1B112027','EU2121','D+','2013/2014'
'F1B112030','EU2121','C+','2013/2014'
'F1B112031','EU2121','C+','2013/2014'
'F1B112033','EU2121','D+','2013/2014'
'F1B112034','EU2121','D','2013/2014'
'F1B112036','EU2121','B+','2013/2014'
'F1B112037','EU2121','B','2013/2014'
'F1B112038','EU2121','D+','2013/2014'
'F1B112039','EU2121','D+','2013/2014'
'F1B112040','EU2121','D','2013/2014'
'F1B112041','EU2121','C+','2013/2014'
'F1B112042','EU2121','D','2013/2014'
'F1B112048','EU2121','C','2013/2014'
'F1B112050','EU2121','D','2013/2014'
'F1B112051','EU2121','D+','2013/2014'
'F1B112052','EU2121','D','2013/2014'
'F1B112053','EU2121','D+','2013/2014'
'F1B113035','EU2121','K','2013/2014'
'F1B111004','EU1105','E','2013/2014'
'F1B111007','EU1105','D','2013/2014'
'F1B111011','EU1105','D','2013/2014'
'F1B112011','EU1105','D+','2013/2014'
'F1B113001','EU1105','B','2013/2014'
'F1B113002','EU1105','B','2013/2014'
'F1B113004','EU1105','E','2013/2014'
'F1B113005','EU1105','E','2013/2014'
'F1B113006','EU1105','B','2013/2014'
'F1B113007','EU1105','K','2013/2014'
'F1B113008','EU1105','B+','2013/2014'
'F1B113009','EU1105','E','2013/2014'
'F1B113010','EU1105','E','2013/2014'
'F1B113011','EU1105','B+','2013/2014'
'F1B113012','EU1105','K','2013/2014'
'F1B113013','EU1105','B','2013/2014'
'F1B113014','EU1105','B','2013/2014'
'F1B113015','EU1105','B','2013/2014'
'F1B113016','EU1105','B','2013/2014'
'F1B113017','EU1105','B','2013/2014'
'F1B113018','EU1105','E','2013/2014'
'F1B113019','EU1105','E','2013/2014'
'F1B113020','EU1105','D','2013/2014'
'F1B113021','EU1105','B','2013/2014'
'F1B113022','EU1105','B+','2013/2014'
'F1B113023','EU1105','E','2013/2014'
'F1B113024','EU1105','B','2013/2014'
'F1B113025','EU1105','K','2013/2014'
'F1B113026','EU1105','B','2013/2014'
'F1B113027','EU1105','B','2013/2014'
'F1B113028','EU1105','B','2013/2014'
'F1B113029','EU1105','B','2013/2014'
'F1B113030','EU1105','B+','2013/2014'
'F1B113031','EU1105','B','2013/2014'
'F1B113032','EU1105','B','2013/2014'
'F1B113033','EU1105','B','2013/2014'
'F1B113034','EU1105','B','2013/2014'
'F1B113036','EU1105','E','2013/2014'
'F1B113037','EU1105','B','2013/2014'
'F1B113038','EU1105','E','2013/2014'
'F1B113039','EU1105','B','2013/2014'
'F1B113040','EU1105','K','2013/2014'
'F1B111002','EL3102','B','2013/2014'
'F1B111014','EL3102','B','2013/2014'
'F1B111021','EL3102','C','2013/2014'
'F1B111029','EL3102','B','2013/2014'
'F1B111030','EL3102','E','2013/2014'
'F1B111031','EL3102','B+','2013/2014'
'F1B111041','EL3102','D','2013/2014'
'F1B111043','EL3102','B+','2013/2014'
'F1B111053','EL3102','B','2013/2014'
'F1B111059','EL3102','D','2013/2014'
'F1B111063','EL3102','B','2013/2014'
'F1B111077','EL3102','D','2013/2014'
'F1B111079','EL3102','B+','2013/2014'
'F1B111088','EL3102','C','2013/2014'
'F1B110001','EU4143','B+','2013/2014'
'F1B110002','EU4143','A','2013/2014'
'F1B110003','EU4143','C','2013/2014'
'F1B110005','EU4143','B+','2013/2014'
'F1B110009','EU4143','B','2013/2014'
'F1B110010','EU4143','B+','2013/2014'
'F1B110014','EU4143','B+','2013/2014'
'F1B110015','EU4143','B','2013/2014'
'F1B110016','EU4143','C','2013/2014'
'F1B110018','EU4143','B','2013/2014'
'F1B110020','EU4143','B+','2013/2014'
'F1B110021','EU4143','B+','2013/2014'
'F1B110025','EU4143','A','2013/2014'
'F1B110026','EU4143','A','2013/2014'
'F1B110027','EU4143','B','2013/2014'
'F1B110028','EU4143','B+','2013/2014'
'F1B110029','EU4143','A','2013/2014'
'F1B110030','EU4143','B+','2013/2014'
'F1B110033','EU4143','B','2013/2014'
'F1B110034','EU4143','B+','2013/2014'
'F1B110036','EU4143','D+','2013/2014'
'F1B110038','EU4143','B','2013/2014'
'F1B110040','EU4143','B','2013/2014'
'F1B110042','EU4143','C+','2013/2014'
'F1B110044','EU4143','B','2013/2014'
'F1B110045','EU4143','A','2013/2014'
'F1B110048','EU4143','B+','2013/2014'
'F1B110049','EU4143','B+','2013/2014'
'F1B110053','EU4143','B','2013/2014'
'F1B110055','EU4143','B+','2013/2014'
'F1B110056','EU4143','B+','2013/2014'
'F1B110057','EU4143','B+','2013/2014'
'F1B110062','EU4143','B+','2013/2014'
'F1B110063','EU4143','B','2013/2014'
'F1B110064','EU4143','B+','2013/2014'
'F1B110066','EU4143','B+','2013/2014'
'F1B110067','EU4143','B+','2013/2014'
'F1B110068','EU4143','B+','2013/2014'
'F1B110070','EU4143','B+','2013/2014'
'F1B110071','EU4143','B','2013/2014'
'F1B110072','EU4143','B+','2013/2014'
'F1B110076','EU4143','C','2013/2014'
'F1B110078','EU4143','B+','2013/2014'
'F1B110079','EU4143','A','2013/2014'
'F1B110009','EU3146','B','2013/2014'
'F1B110015','EU3146','B','2013/2014'
'F1B110020','EU3146','B+','2013/2014'
'F1B110036','EU3146','C+','2013/2014'
'F1B110038','EU3146','B+','2013/2014'
'F1B110041','EU3146','C+','2013/2014'
'F1B110044','EU3146','B','2013/2014'
'F1B110056','EU3146','B','2013/2014'
'F1B110070','EU3146','B','2013/2014'
'F1B110073','EU3146','B','2013/2014'
'F1B110079','EU3146','B+','2013/2014'
'F1B111005','EU3146','B+','2013/2014'
'F1B111006','EU3146','B','2013/2014'
'F1B111007','EU3146','B','2013/2014'
'F1B111008','EU3146','B+','2013/2014'
'F1B111009','EU3146','B','2013/2014'
'F1B111011','EU3146','C+','2013/2014'
'F1B111012','EU3146','B+','2013/2014'
'F1B111015','EU3146','B+','2013/2014'
'F1B111017','EU3146','B+','2013/2014'
'F1B111019','EU3146','B','2013/2014'
'F1B111020','EU3146','C+','2013/2014'
'F1B111022','EU3146','C+','2013/2014'
'F1B111023','EU3146','C+','2013/2014'
'F1B111024','EU3146','B+','2013/2014'
'F1B111025','EU3146','C+','2013/2014'
'F1B111026','EU3146','B','2013/2014'
'F1B111027','EU3146','B','2013/2014'
'F1B111033','EU3146','B','2013/2014'
'F1B111034','EU3146','B','2013/2014'
'F1B111035','EU3146','B+','2013/2014'
'F1B111039','EU3146','B+','2013/2014'
'F1B111040','EU3146','B','2013/2014'
'F1B111042','EU3146','C+','2013/2014'
'F1B111045','EU3146','C+','2013/2014'
'F1B111047','EU3146','B+','2013/2014'
'F1B111049','EU3146','B','2013/2014'
'F1B111051','EU3146','B','2013/2014'
'F1B111054','EU3146','B+','2013/2014'
'F1B111056','EU3146','B','2013/2014'
'F1B111062','EU3146','B','2013/2014'
'F1B111066','EU3146','B','2013/2014'
'F1B111070','EU3146','B+','2013/2014'
'F1B111072','EU3146','B','2013/2014'
'F1B111075','EU3146','B','2013/2014'
'F1B111080','EU3146','B+','2013/2014'
'F1B111081','EU3146','B','2013/2014'
'F1B111083','EU3146','C','2013/2014'
'F1B111087','EU3146','B','2013/2014'
'F1B111089','EU3146','B','2013/2014'
'F1B110018','EU2118','B','2013/2014'
'F1B110034','EU2118','B','2013/2014'
'F1B110042','EU2118','C+','2013/2014'
'F1B110044','EU2118','B+','2013/2014'
'F1B110045','EU2118','A','2013/2014'
'F1B110048','EU2118','A','2013/2014'
'F1B110057','EU2118','B+','2013/2014'
'F1B110062','EU2118','C','2013/2014'
'F1B110068','EU2118','B','2013/2014'
'F1B110078','EU2118','B+','2013/2014'
'F1B111005','EU2118','B+','2013/2014'
'F1B111042','EU2118','B+','2013/2014'
'F1B112002','EU2118','C','2013/2014'
'F1B112003','EU2118','B','2013/2014'
'F1B112005','EU2118','A','2013/2014'
'F1B112006','EU2118','B+','2013/2014'
'F1B112011','EU2118','C+','2013/2014'
'F1B112012','EU2118','K','2013/2014'
'F1B112015','EU2118','A','2013/2014'
'F1B112016','EU2118','C','2013/2014'
'F1B112017','EU2118','A','2013/2014'
'F1B112018','EU2118','C','2013/2014'
'F1B112026','EU2118','A','2013/2014'
'F1B112033','EU2118','C','2013/2014'
'F1B112034','EU2118','B+','2013/2014'
'F1B112036','EU2118','B','2013/2014'
'F1B112038','EU2118','B+','2013/2014'
'F1B112039','EU2118','B','2013/2014'
'F1B112040','EU2118','C','2013/2014'
'F1B112041','EU2118','A','2013/2014'
'F1B112042','EU2118','C','2013/2014'
'F1B112046','EU2118','C+','2013/2014'
'F1B112048','EU2118','B','2013/2014'
'F1B112051','EU2118','B','2013/2014'
'F1B113035','EU2118','K','2013/2014'
'F1B111006','EK3105','B','2013/2014'
'F1B111007','EK3105','B','2013/2014'
'F1B111008','EK3105','B+','2013/2014'
'F1B111009','EK3105','C+','2013/2014'
'F1B111011','EK3105','C','2013/2014'
'F1B111019','EK3105','B+','2013/2014'
'F1B111027','EK3105','B','2013/2014'
'F1B111033','EK3105','B','2013/2014'
'F1B111035','EK3105','B+','2013/2014'
'F1B111045','EK3105','B+','2013/2014'
'F1B111051','EK3105','B+','2013/2014'
'F1B111056','EK3105','B','2013/2014'
'F1B111062','EK3105','B','2013/2014'
'F1B111072','EK3105','B','2013/2014'
'F1B111087','EK3105','B','2013/2014'
'F1B111089','EK3105','B+','2013/2014'
'F1B110002','EK4021','B+','2013/2014'
'F1B110003','EK4021','B','2013/2014'
'F1B110010','EK4021','B','2013/2014'
'F1B110021','EK4021','B','2013/2014'
'F1B110026','EK4021','B+','2013/2014'
'F1B110034','EK4021','B','2013/2014'
'F1B110048','EK4021','B','2013/2014'
'F1B110049','EK4021','B','2013/2014'
'F1B110064','EK4021','B','2013/2014'
'F1B110068','EK4021','B+','2013/2014'
'F1B110079','EK4021','B','2013/2014'
'F1B113012','EU1192','K','2013/2014'
'F1B113013','EU1192','B+','2013/2014'
'F1B110009','EU1101','B','2013/2014'
'F1B110016','EU1101','B+','2013/2014'
'F1B110021','EU1101','B','2013/2014'
'F1B110025','EU1101','B','2013/2014'
'F1B110033','EU1101','C+','2013/2014'
'F1B110034','EU1101','B','2013/2014'
'F1B110041','EU1101','B+','2013/2014'
'F1B110053','EU1101','B+','2013/2014'
'F1B110063','EU1101','B+','2013/2014'
'F1B110066','EU1101','B+','2013/2014'
'F1B110070','EU1101','B','2013/2014'
'F1B111023','EU1101','K','2013/2014'
'F1B113001','EU1101','C+','2013/2014'
'F1B113002','EU1101','B','2013/2014'
'F1B113003','EU1101','C+','2013/2014'
'F1B113004','EU1101','B','2013/2014'
'F1B113005','EU1101','C+','2013/2014'
'F1B113006','EU1101','B+','2013/2014'
'F1B113007','EU1101','K','2013/2014'
'F1B113008','EU1101','C+','2013/2014'
'F1B113009','EU1101','C+','2013/2014'
'F1B113010','EU1101','C+','2013/2014'
'F1B113011','EU1101','B+','2013/2014'
'F1B113014','EU1101','C+','2013/2014'
'F1B113015','EU1101','C+','2013/2014'
'F1B113016','EU1101','B','2013/2014'
'F1B113017','EU1101','C+','2013/2014'
'F1B113018','EU1101','B','2013/2014'
'F1B113019','EU1101','C+','2013/2014'
'F1B113020','EU1101','C+','2013/2014'
'F1B113021','EU1101','B','2013/2014'
'F1B113023','EU1101','C+','2013/2014'
'F1B113024','EU1101','B','2013/2014'
'F1B113025','EU1101','K','2013/2014'
'F1B113026','EU1101','B','2013/2014'
'F1B113027','EU1101','C+','2013/2014'
'F1B113028','EU1101','B','2013/2014'
'F1B113029','EU1101','C+','2013/2014'
'F1B113030','EU1101','C+','2013/2014'
'F1B113031','EU1101','B','2013/2014'
'F1B113032','EU1101','B+','2013/2014'
'F1B113033','EU1101','B','2013/2014'
'F1B113034','EU1101','B','2013/2014'
'F1B113036','EU1101','B+','2013/2014'
'F1B113037','EU1101','B','2013/2014'
'F1B113038','EU1101','C+','2013/2014'
'F1B113039','EU1101','B','2013/2014'
'F1B113040','EU1101','K','2013/2014'
'F1B113022','EU1193','B','2013/2014'
'F1B110010','EK3212','B','2013/2014'
'F1B110016','EK3212','B','2013/2014'
'F1B110017','EK3212','K','2013/2014'
'F1B110029','EK3212','B+','2013/2014'
'F1B110049','EK3212','B+','2013/2014'
'F1B111006','EK3212','B','2013/2014'
'F1B111007','EK3212','B','2013/2014'
'F1B111008','EK3212','A','2013/2014'
'F1B111009','EK3212','C','2013/2014'
'F1B111011','EK3212','C+','2013/2014'
'F1B111019','EK3212','B','2013/2014'
'F1B111027','EK3212','B','2013/2014'
'F1B111033','EK3212','C+','2013/2014'
'F1B111035','EK3212','A','2013/2014'
'F1B111045','EK3212','B','2013/2014'
'F1B111051','EK3212','B+','2013/2014'
'F1B111056','EK3212','B','2013/2014'
'F1B111062','EK3212','B+','2013/2014'
'F1B111066','EK3212','B','2013/2014'
'F1B111072','EK3212','B','2013/2014'
'F1B111087','EK3212','B','2013/2014'
'F1B111089','EK3212','A','2013/2014'
'F1B110001','EU3051','B+','2013/2014'
'F1B110002','EU3051','B+','2013/2014'
'F1B110005','EU3051','B','2013/2014'
'F1B110009','EU3051','C','2013/2014'
'F1B110010','EU3051','B','2013/2014'
'F1B110014','EU3051','B+','2013/2014'
'F1B110015','EU3051','B','2013/2014'
'F1B110018','EU3051','C+','2013/2014'
'F1B110020','EU3051','A','2013/2014'
'F1B110021','EU3051','A','2013/2014'
'F1B110026','EU3051','B+','2013/2014'
'F1B110028','EU3051','C+','2013/2014'
'F1B110029','EU3051','B','2013/2014'
'F1B110030','EU3051','B+','2013/2014'
'F1B110033','EU3051','D+','2013/2014'
'F1B110034','EU3051','B+','2013/2014'
'F1B110038','EU3051','B+','2013/2014'
'F1B110040','EU3051','B','2013/2014'
'F1B110041','EU3051','C','2013/2014'
'F1B110048','EU3051','B+','2013/2014'
'F1B110049','EU3051','B+','2013/2014'
'F1B110056','EU3051','B','2013/2014'
'F1B110059','EU3051','C','2013/2014'
'F1B110063','EU3051','B+','2013/2014'
'F1B110064','EU3051','B','2013/2014'
'F1B110067','EU3051','C','2013/2014'
'F1B110068','EU3051','B+','2013/2014'
'F1B110070','EU3051','B+','2013/2014'
'F1B110072','EU3051','B+','2013/2014'
'F1B110073','EU3051','B','2013/2014'
'F1B110076','EU3051','C+','2013/2014'
'F1B110079','EU3051','B+','2013/2014'
'F1B110001','ET4109','D','2013/2014'
'F1B110014','ET4109','C+','2013/2014'
'F1B110015','ET4109','D+','2013/2014'
'F1B110018','ET4109','D','2013/2014'
'F1B110020','ET4109','C+','2013/2014'
'F1B110030','ET4109','C','2013/2014'
'F1B110038','ET4109','C','2013/2014'
'F1B110040','ET4109','D+','2013/2014'
'F1B110041','ET4109','D+','2013/2014'
'F1B110044','ET4109','D+','2013/2014'
'F1B110056','ET4109','C','2013/2014'
'F1B110070','ET4109','C','2013/2014'
'F1B110072','ET4109','B','2013/2014'
'F1B110073','ET4109','D+','2013/2014'
'F1B110076','ET4109','D+','2013/2014'
'F1B110001','EU2122','B','2013/2014'
'F1B110006','EU2122','D+','2013/2014'
'F1B110015','EU2122','B','2013/2014'
'F1B110040','EU2122','C','2013/2014'
'F1B110056','EU2122','C','2013/2014'
'F1B110059','EU2122','D+','2013/2014'
'F1B110077','EU2122','C+','2013/2014'
'F1B111004','EU2122','D','2013/2014'
'F1B111030','EU2122','D','2013/2014'
'F1B111042','EU2122','D+','2013/2014'
'F1B111053','EU2122','C','2013/2014'
'F1B111079','EU2122','B','2013/2014'
'F1B112001','EU2122','C','2013/2014'
'F1B112002','EU2122','D+','2013/2014'
'F1B112003','EU2122','D+','2013/2014'
'F1B112004','EU2122','D','2013/2014'
'F1B112005','EU2122','B+','2013/2014'
'F1B112006','EU2122','C','2013/2014'
'F1B112011','EU2122','E','2013/2014'
'F1B112015','EU2122','B','2013/2014'
'F1B112016','EU2122','D+','2013/2014'
'F1B112017','EU2122','B+','2013/2014'
'F1B112018','EU2122','D','2013/2014'
'F1B112024','EU2122','D','2013/2014'
'F1B112025','EU2122','B','2013/2014'
'F1B112027','EU2122','D+','2013/2014'
'F1B112030','EU2122','C+','2013/2014'
'F1B112031','EU2122','B+','2013/2014'
'F1B112034','EU2122','C+','2013/2014'
'F1B112036','EU2122','B','2013/2014'
'F1B112037','EU2122','C+','2013/2014'
'F1B112038','EU2122','C','2013/2014'
'F1B112039','EU2122','C+','2013/2014'
'F1B112040','EU2122','D','2013/2014'
'F1B112041','EU2122','D+','2013/2014'
'F1B112042','EU2122','D','2013/2014'
'F1B112045','EU2122','D','2013/2014'
'F1B112048','EU2122','C+','2013/2014'
'F1B110005','EE4110','C+','2013/2014'
'F1B110028','EE4110','A','2013/2014'
'F1B110033','EE4110','C+','2013/2014'
'F1B110036','EE4110','E','2013/2014'
'F1B110059','EE4110','B','2013/2014'
'F1B110063','EE4110','B','2013/2014'
'F1B110067','EE4110','B','2013/2014'
'F1B110077','EE4110','B','2013/2014'
'F1B110002','EK4118','B','2013/2014'
'F1B110003','EK4118','C+','2013/2014'
'F1B110009','EK4118','B','2013/2014'
'F1B110010','EK4118','C+','2013/2014'
'F1B110016','EK4118','C+','2013/2014'
'F1B110021','EK4118','B','2013/2014'
'F1B110026','EK4118','B','2013/2014'
'F1B110029','EK4118','B','2013/2014'
'F1B110034','EK4118','B+','2013/2014'
'F1B110048','EK4118','B','2013/2014'
'F1B110049','EK4118','C','2013/2014'
'F1B110064','EK4118','K','2013/2014'
'F1B110068','EK4118','B','2013/2014'
'F1B110079','EK4118','D','2013/2014'
'F1B110002','EK4119','B+','2013/2014'
'F1B110003','EK4119','C+','2013/2014'
'F1B110009','EK4119','B','2013/2014'
'F1B110010','EK4119','B','2013/2014'
'F1B110016','EK4119','C','2013/2014'
'F1B110021','EK4119','B','2013/2014'
'F1B110026','EK4119','B+','2013/2014'
'F1B110029','EK4119','B+','2013/2014'
'F1B110034','EK4119','C+','2013/2014'
'F1B110048','EK4119','C+','2013/2014'
'F1B110049','EK4119','B+','2013/2014'
'F1B110064','EK4119','C+','2013/2014'
'F1B110068','EK4119','B','2013/2014'
'F1B110079','EK4119','C+','2013/2014'
'F1B110015','EU2125','K','2013/2014'
'F1B110017','EU2125','K','2013/2014'
'F1B110018','EU2125','K','2013/2014'
'F1B110036','EU2125','K','2013/2014'
'F1B110077','EU2125','K','2013/2014'
'F1B111030','EU2125','K','2013/2014'
'F1B112001','EU2125','D','2013/2014'
'F1B112003','EU2125','D','2013/2014'
'F1B112004','EU2125','K','2013/2014'
'F1B112005','EU2125','C','2013/2014'
'F1B112006','EU2125','C+','2013/2014'
'F1B112011','EU2125','K','2013/2014'
'F1B112015','EU2125','C+','2013/2014'
'F1B112016','EU2125','C+','2013/2014'
'F1B112017','EU2125','D+','2013/2014'
'F1B112018','EU2125','C+','2013/2014'
'F1B112024','EU2125','C','2013/2014'
'F1B112025','EU2125','D','2013/2014'
'F1B112026','EU2125','C','2013/2014'
'F1B112027','EU2125','D','2013/2014'
'F1B112030','EU2125','D+','2013/2014'
'F1B112031','EU2125','K','2013/2014'
'F1B112034','EU2125','E','2013/2014'
'F1B112036','EU2125','C','2013/2014'
'F1B112037','EU2125','K','2013/2014'
'F1B112038','EU2125','E','2013/2014'
'F1B112039','EU2125','D','2013/2014'
'F1B112040','EU2125','D+','2013/2014'
'F1B112041','EU2125','E','2013/2014'
'F1B112042','EU2125','K','2013/2014'
'F1B112045','EU2125','E','2013/2014'
'F1B112046','EU2125','E','2013/2014'
'F1B112048','EU2125','C+','2013/2014'
'F1B112050','EU2125','E','2013/2014'
'F1B112051','EU2125','E','2013/2014'
'F1B112052','EU2125','E','2013/2014'
'F1B112053','EU2125','E','2013/2014'
'F1B110002','EK4120','B','2013/2014'
'F1B110003','EK4120','B','2013/2014'
'F1B110009','EK4120','B','2013/2014'
'F1B110010','EK4120','B','2013/2014'
'F1B110016','EK4120','B','2013/2014'
'F1B110021','EK4120','B','2013/2014'
'F1B110026','EK4120','B','2013/2014'
'F1B110029','EK4120','B','2013/2014'
'F1B110034','EK4120','B','2013/2014'
'F1B110048','EK4120','B','2013/2014'
'F1B110049','EK4120','C+','2013/2014'
'F1B110064','EK4120','C+','2013/2014'
'F1B110068','EK4120','B+','2013/2014'
'F1B110071','EK4120','K','2013/2014'
'F1B110079','EK4120','B','2013/2014'
'F1B111006','EK3106','B+','2013/2014'
'F1B111008','EK3106','B+','2013/2014'
'F1B111009','EK3106','C+','2013/2014'
'F1B111011','EK3106','B','2013/2014'
'F1B111019','EK3106','A','2013/2014'
'F1B111027','EK3106','B','2013/2014'
'F1B111033','EK3106','B','2013/2014'
'F1B111035','EK3106','B+','2013/2014'
'F1B111045','EK3106','K','2013/2014'
'F1B111051','EK3106','B','2013/2014'
'F1B111056','EK3106','B','2013/2014'
'F1B111062','EK3106','A','2013/2014'
'F1B111066','EK3106','B','2013/2014'
'F1B111072','EK3106','B','2013/2014'
'F1B111087','EK3106','B','2013/2014'
'F1B111089','EK3106','A','2013/2014'
'F1B110005','EU3140','B','2013/2014'
'F1B110033','EU3140','B','2013/2014'
'F1B110036','EU3140','B','2013/2014'
'F1B110040','EU3140','B','2013/2014'
'F1B110062','EU3140','B','2013/2014'
'F1B111002','EU3140','B','2013/2014'
'F1B111005','EU3140','C+','2013/2014'
'F1B111010','EU3140','E','2013/2014'
'F1B111012','EU3140','B','2013/2014'
'F1B111014','EU3140','C+','2013/2014'
'F1B111015','EU3140','C+','2013/2014'
'F1B111017','EU3140','B','2013/2014'
'F1B111021','EU3140','B','2013/2014'
'F1B111022','EU3140','B','2013/2014'
'F1B111024','EU3140','B','2013/2014'
'F1B111025','EU3140','C+','2013/2014'
'F1B111026','EU3140','C+','2013/2014'
'F1B111029','EU3140','B','2013/2014'
'F1B111031','EU3140','B','2013/2014'
'F1B111034','EU3140','C+','2013/2014'
'F1B111039','EU3140','B','2013/2014'
'F1B111040','EU3140','B','2013/2014'
'F1B111041','EU3140','C+','2013/2014'
'F1B111043','EU3140','B','2013/2014'
'F1B111047','EU3140','B','2013/2014'
'F1B111049','EU3140','C+','2013/2014'
'F1B111053','EU3140','C+','2013/2014'
'F1B111054','EU3140','B','2013/2014'
'F1B111059','EU3140','C+','2013/2014'
'F1B111063','EU3140','B','2013/2014'
'F1B111070','EU3140','B','2013/2014'
'F1B111075','EU3140','B','2013/2014'
'F1B111077','EU3140','C+','2013/2014'
'F1B111079','EU3140','B','2013/2014'
'F1B111080','EU3140','B','2013/2014'
'F1B111081','EU3140','B','2013/2014'
'F1B111083','EU3140','C+','2013/2014'
'F1B111088','EU3140','B','2013/2014'
'F1B110002','EU4142','A','2013/2014'
'F1B110014','EU4142','A','2013/2014'
'F1B110020','EU4142','K','2013/2014'
'F1B110021','EU4142','K','2013/2014'
'F1B110025','EU4142','K','2013/2014'
'F1B110026','EU4142','B+','2013/2014'
'F1B110028','EU4142','K','2013/2014'
'F1B110030','EU4142','K','2013/2014'
'F1B110038','EU4142','A','2013/2014'
'F1B110042','EU4142','A','2013/2014'
'F1B110045','EU4142','K','2013/2014'
'F1B110048','EU4142','A','2013/2014'
'F1B110049','EU4142','K','2013/2014'
'F1B110055','EU4142','A','2013/2014'
'F1B110057','EU4142','K','2013/2014'
'F1B110072','EU4142','K','2013/2014'
'F1B110079','EU4142','A','2013/2014'
'F1B110001','EU2126','B','2013/2014'
'F1B110014','EU2126','B','2013/2014'
'F1B110015','EU2126','B','2013/2014'
'F1B110017','EU2126','K','2013/2014'
'F1B110018','EU2126','C+','2013/2014'
'F1B110041','EU2126','C+','2013/2014'
'F1B110066','EU2126','B','2013/2014'
'F1B110068','EU2126','C+','2013/2014'
'F1B110073','EU2126','C+','2013/2014'
'F1B111004','EU2126','E','2013/2014'
'F1B111006','EU2126','E','2013/2014'
'F1B111008','EU2126','E','2013/2014'
'F1B111011','EU2126','E','2013/2014'
'F1B111014','EU2126','K','2013/2014'
'F1B111020','EU2126','K','2013/2014'
'F1B111022','EU2126','K','2013/2014'
'F1B111030','EU2126','E','2013/2014'
'F1B111032','EU2126','E','2013/2014'
'F1B111042','EU2126','K','2013/2014'
'F1B111062','EU2126','K','2013/2014'
'F1B111066','EU2126','E','2013/2014'
'F1B111072','EU2126','E','2013/2014'
'F1B112001','EU2126','B','2013/2014'
'F1B112003','EU2126','C+','2013/2014'
'F1B112004','EU2126','B','2013/2014'
'F1B112005','EU2126','C+','2013/2014'
'F1B112006','EU2126','B','2013/2014'
'F1B112015','EU2126','B','2013/2014'
'F1B112016','EU2126','C+','2013/2014'
'F1B112017','EU2126','C+','2013/2014'
'F1B112018','EU2126','C+','2013/2014'
'F1B112024','EU2126','C+','2013/2014'
'F1B112025','EU2126','B','2013/2014'
'F1B112026','EU2126','C+','2013/2014'
'F1B112027','EU2126','C','2013/2014'
'F1B112030','EU2126','C+','2013/2014'
'F1B112031','EU2126','E','2013/2014'
'F1B112034','EU2126','E','2013/2014'
'F1B112036','EU2126','B','2013/2014'
'F1B112037','EU2126','B','2013/2014'
'F1B112038','EU2126','C+','2013/2014'
'F1B112041','EU2126','K','2013/2014'
'F1B112042','EU2126','K','2013/2014'
'F1B112045','EU2126','E','2013/2014'
'F1B112046','EU2126','E','2013/2014'
'F1B112048','EU2126','C+','2013/2014'
'F1B112050','EU2126','E','2013/2014'
'F1B112051','EU2126','E','2013/2014'
'F1B112052','EU2126','E','2013/2014'
'F1B112053','EU2126','E','2013/2014'
'F1B110005','EE4111','B','2013/2014'
'F1B110028','EE4111','B+','2013/2014'
'F1B110033','EE4111','B+','2013/2014'
'F1B110036','EE4111','B','2013/2014'
'F1B110059','EE4111','B','2013/2014'
'F1B110063','EE4111','B','2013/2014'
'F1B110067','EE4111','B','2013/2014'
'F1B110077','EE4111','B','2013/2014'
'F1B110006','EL4118','E','2013/2014'
'F1B110025','EL4118','B+','2013/2014'
'F1B110027','EL4118','E','2013/2014'
'F1B110042','EL4118','B+','2013/2014'
'F1B110045','EL4118','B+','2013/2014'
'F1B110053','EL4118','C+','2013/2014'
'F1B110055','EL4118','B','2013/2014'
'F1B110057','EL4118','B','2013/2014'
'F1B110062','EL4118','B','2013/2014'
'F1B110066','EL4118','B','2013/2014'
'F1B110001','ET4111','B','2013/2014'
'F1B110014','ET4111','B','2013/2014'
'F1B110015','ET4111','C+','2013/2014'
'F1B110018','ET4111','C+','2013/2014'
'F1B110020','ET4111','K','2013/2014'
'F1B110030','ET4111','B','2013/2014'
'F1B110038','ET4111','B','2013/2014'
'F1B110040','ET4111','B','2013/2014'
'F1B110041','ET4111','B','2013/2014'
'F1B110044','ET4111','B','2013/2014'
'F1B110056','ET4111','C+','2013/2014'
'F1B110070','ET4111','B','2013/2014'
'F1B110072','ET4111','B','2013/2014'
'F1B110073','ET4111','C+','2013/2014'
'F1B112018','ET4111','K','2013/2014'
'F1B110006','EL4115','B','2013/2014'
'F1B110025','EL4115','B','2013/2014'
'F1B110027','EL4115','E','2013/2014'
'F1B110042','EL4115','B','2013/2014'
'F1B110045','EL4115','B','2013/2014'
'F1B110053','EL4115','B','2013/2014'
'F1B110055','EL4115','B','2013/2014'
'F1B110057','EL4115','B','2013/2014'
'F1B110062','EL4115','B','2013/2014'
'F1B110066','EL4115','B+','2013/2014'
'F1B110078','EL4115','B','2013/2014'
'F1B110005','EE4112','B','2013/2014'
'F1B110028','EE4112','B','2013/2014'
'F1B110033','EE4112','B+','2013/2014'
'F1B110059','EE4112','B','2013/2014'
'F1B110063','EE4112','B','2013/2014'
'F1B110006','EL4116','K','2013/2014'
'F1B110025','EL4116','B','2013/2014'
'F1B110027','EL4116','B','2013/2014'
'F1B110042','EL4116','B','2013/2014'
'F1B110045','EL4116','B+','2013/2014'
'F1B110053','EL4116','B','2013/2014'
'F1B110055','EL4116','B+','2013/2014'
'F1B110057','EL4116','B+','2013/2014'
'F1B110062','EL4116','B','2013/2014'
'F1B110066','EL4116','B+','2013/2014'
'F1B110078','EL4116','B','2013/2014'
'F1B111002','EU3141','B','2013/2014'
'F1B111005','EU3141','E','2013/2014'
'F1B111010','EU3141','E','2013/2014'
'F1B111012','EU3141','B+','2013/2014'
'F1B111014','EU3141','B','2013/2014'
'F1B111015','EU3141','D','2013/2014'
'F1B111017','EU3141','B+','2013/2014'
'F1B111021','EU3141','B','2013/2014'
'F1B111022','EU3141','E','2013/2014'
'F1B111024','EU3141','C','2013/2014'
'F1B111025','EU3141','B','2013/2014'
'F1B111026','EU3141','E','2013/2014'
'F1B111029','EU3141','B+','2013/2014'
'F1B111030','EU3141','E','2013/2014'
'F1B111031','EU3141','B+','2013/2014'
'F1B111034','EU3141','E','2013/2014'
'F1B111039','EU3141','B+','2013/2014'
'F1B111040','EU3141','B+','2013/2014'
'F1B111041','EU3141','B+','2013/2014'
'F1B111042','EU3141','E','2013/2014'
'F1B111043','EU3141','C+','2013/2014'
'F1B111047','EU3141','B','2013/2014'
'F1B111049','EU3141','B','2013/2014'
'F1B111053','EU3141','B+','2013/2014'
'F1B111054','EU3141','B+','2013/2014'
'F1B111059','EU3141','B+','2013/2014'
'F1B111063','EU3141','E','2013/2014'
'F1B111070','EU3141','B+','2013/2014'
'F1B111075','EU3141','E','2013/2014'
'F1B111077','EU3141','E','2013/2014'
'F1B111079','EU3141','B+','2013/2014'
'F1B111080','EU3141','B+','2013/2014'
'F1B111081','EU3141','B+','2013/2014'
'F1B111083','EU3141','B+','2013/2014'
'F1B111088','EU3141','C+','2013/2014'
'F1B110015','EU3139','E','2013/2014'
'F1B110070','EU3139','E','2013/2014'
'F1B111002','EU3139','C','2013/2014'
'F1B111005','EU3139','C+','2013/2014'
'F1B111012','EU3139','D+','2013/2014'
'F1B111014','EU3139','C+','2013/2014'
'F1B111015','EU3139','C+','2013/2014'
'F1B111017','EU3139','B','2013/2014'
'F1B111020','EU3139','D+','2013/2014'
'F1B111021','EU3139','C+','2013/2014'
'F1B111022','EU3139','D+','2013/2014'
'F1B111024','EU3139','B','2013/2014'
'F1B111025','EU3139','D+','2013/2014'
'F1B111026','EU3139','D+','2013/2014'
'F1B111029','EU3139','B','2013/2014'
'F1B111030','EU3139','D+','2013/2014'
'F1B111031','EU3139','B','2013/2014'
'F1B111034','EU3139','D+','2013/2014'
'F1B111039','EU3139','B','2013/2014'
'F1B111040','EU3139','C+','2013/2014'
'F1B111041','EU3139','C','2013/2014'
'F1B111042','EU3139','C','2013/2014'
'F1B111043','EU3139','B','2013/2014'
'F1B111053','EU3139','C+','2013/2014'
'F1B111054','EU3139','C+','2013/2014'
'F1B111059','EU3139','C','2013/2014'
'F1B111063','EU3139','C','2013/2014'
'F1B111070','EU3139','C+','2013/2014'
'F1B111075','EU3139','D','2013/2014'
'F1B111077','EU3139','C','2013/2014'
'F1B111079','EU3139','B+','2013/2014'
'F1B111080','EU3139','C','2013/2014'
'F1B111081','EU3139','C','2013/2014'
'F1B111083','EU3139','C','2013/2014'
'F1B111088','EU3139','D+','2013/2014'
'F1B112018','EU3139','E','2013/2014'
'F1B113035','EU3139','E','2013/2014'
'F1B110006','EL4113','D','2013/2014'
'F1B110025','EL4113','B+','2013/2014'
'F1B110027','EL4113','D','2013/2014'
'F1B110042','EL4113','C','2013/2014'
'F1B110045','EL4113','B','2013/2014'
'F1B110053','EL4113','D','2013/2014'
'F1B110055','EL4113','A','2013/2014'
'F1B110057','EL4113','C+','2013/2014'
'F1B110062','EL4113','C+','2013/2014'
'F1B110066','EL4113','B','2013/2014'
'F1B110078','EL4113','B','2013/2014'
'F1B110002','EK4025','A','2013/2014'
'F1B110003','EK4025','B+','2013/2014'
'F1B110009','EK4025','B','2013/2014'
'F1B110010','EK4025','B+','2013/2014'
'F1B110021','EK4025','A','2013/2014'
'F1B110026','EK4025','A','2013/2014'
'F1B110029','EK4025','B+','2013/2014'
'F1B110034','EK4025','B+','2013/2014'
'F1B110048','EK4025','B+','2013/2014'
'F1B110049','EK4025','B+','2013/2014'
'F1B110064','EK4025','B','2013/2014'
'F1B110068','EK4025','B+','2013/2014'
'F1B110079','EK4025','B+','2013/2014'
'F1B111001','EE3103','E','2013/2014'
'F1B111015','EE3103','C','2013/2014'
'F1B111023','EE3103','D+','2013/2014'
'F1B111024','EE3103','A','2013/2014'
'F1B111034','EE3103','B+','2013/2014'
'F1B111042','EE3103','C','2013/2014'
'F1B111047','EE3103','C','2013/2014'
'F1B111075','EE3103','C+','2013/2014'
'F1B111080','EE3103','A','2013/2014'
'F1B110014','EU2120','E','2013/2014'
'F1B110017','EU2120','K','2013/2014'
'F1B110029','EU2120','E','2013/2014'
'F1B110070','EU2120','K','2013/2014'
'F1B110076','EU2120','E','2013/2014'
'F1B111010','EU2120','E','2013/2014'
'F1B111032','EU2120','E','2013/2014'
'F1B112001','EU2120','C+','2013/2014'
'F1B112004','EU2120','E','2013/2014'
'F1B112005','EU2120','C','2013/2014'
'F1B112015','EU2120','B','2013/2014'
'F1B112016','EU2120','B+','2013/2014'
'F1B112017','EU2120','B+','2013/2014'
'F1B112024','EU2120','C+','2013/2014'
'F1B112025','EU2120','C','2013/2014'
'F1B112027','EU2120','D','2013/2014'
'F1B112030','EU2120','E','2013/2014'
'F1B112031','EU2120','B','2013/2014'
'F1B112034','EU2120','C+','2013/2014'
'F1B112036','EU2120','B+','2013/2014'
'F1B112037','EU2120','B+','2013/2014'
'F1B112038','EU2120','E','2013/2014'
'F1B112040','EU2120','E','2013/2014'
'F1B112041','EU2120','E','2013/2014'
'F1B112045','EU2120','K','2013/2014'
'F1B112048','EU2120','C','2013/2014'
'F1B112050','EU2120','E','2013/2014'
'F1B112051','EU2120','E','2013/2014'
'F1B112053','EU2120','E','2013/2014'
'F1B110038','EU1108','C','2013/2014'
'F1B112045','EU1108','E','2013/2014'
'F1B112046','EU1108','D+','2013/2014'
'F1B113001','EU1108','C','2013/2014'
'F1B113002','EU1108','B','2013/2014'
'F1B113003','EU1108','C+','2013/2014'
'F1B113004','EU1108','C','2013/2014'
'F1B113005','EU1108','E','2013/2014'
'F1B113006','EU1108','C','2013/2014'
'F1B113007','EU1108','E','2013/2014'
'F1B113008','EU1108','C','2013/2014'
'F1B113009','EU1108','D','2013/2014'
'F1B113010','EU1108','D','2013/2014'
'F1B113011','EU1108','C+','2013/2014'
'F1B113012','EU1108','E','2013/2014'
'F1B113013','EU1108','C','2013/2014'
'F1B113014','EU1108','D+','2013/2014'
'F1B113015','EU1108','C+','2013/2014'
'F1B113016','EU1108','C+','2013/2014'
'F1B113017','EU1108','C','2013/2014'
'F1B113018','EU1108','D+','2013/2014'
'F1B113019','EU1108','E','2013/2014'
'F1B113020','EU1108','D+','2013/2014'
'F1B113021','EU1108','C+','2013/2014'
'F1B113022','EU1108','C','2013/2014'
'F1B113023','EU1108','D','2013/2014'
'F1B113024','EU1108','D+','2013/2014'
'F1B113025','EU1108','E','2013/2014'
'F1B113026','EU1108','D','2013/2014'
'F1B113027','EU1108','D+','2013/2014'
'F1B113028','EU1108','C+','2013/2014'
'F1B113029','EU1108','C+','2013/2014'
'F1B113030','EU1108','C','2013/2014'
'F1B113031','EU1108','C','2013/2014'
'F1B113032','EU1108','C+','2013/2014'
'F1B113033','EU1108','C+','2013/2014'
'F1B113034','EU1108','C','2013/2014'
'F1B113035','EU1108','D+','2013/2014'
'F1B113036','EU1108','C','2013/2014'
'F1B113037','EU1108','C','2013/2014'
'F1B113038','EU1108','D','2013/2014'
'F1B113039','EU1108','C','2013/2014'
'F1B113040','EU1108','E','2013/2014'
'F1B110017','EK3104','E','2013/2014'
'F1B111006','EK3104','B','2013/2014'
'F1B111007','EK3104','B','2013/2014'
'F1B111008','EK3104','B+','2013/2014'
'F1B111009','EK3104','B','2013/2014'
'F1B111011','EK3104','B','2013/2014'
'F1B111019','EK3104','B+','2013/2014'
'F1B111027','EK3104','B','2013/2014'
'F1B111033','EK3104','B','2013/2014'
'F1B111035','EK3104','B+','2013/2014'
'F1B111045','EK3104','B+','2013/2014'
'F1B111051','EK3104','B','2013/2014'
'F1B111056','EK3104','B','2013/2014'
'F1B111062','EK3104','B+','2013/2014'
'F1B111066','EK3104','B','2013/2014'
'F1B111072','EK3104','B+','2013/2014'
'F1B111087','EK3104','B','2013/2014'
'F1B111089','EK3104','B','2013/2014'
'F1B110036','EE4023','K','2013/2014'
'F1B110067','EE4023','K','2013/2014'
'F1B111001','EE4023','K','2013/2014'
'F1B111007','EE4023','D+','2013/2014'
'F1B111008','EE4023','C','2013/2014'
'F1B111009','EE4023','D','2013/2014'
'F1B111011','EE4023','D','2013/2014'
'F1B111019','EE4023','B','2013/2014'
'F1B111027','EE4023','B','2013/2014'
'F1B111033','EE4023','D','2013/2014'
'F1B111035','EE4023','C+','2013/2014'
'F1B111045','EE4023','C','2013/2014'
'F1B111051','EE4023','C','2013/2014'
'F1B111056','EE4023','C','2013/2014'
'F1B111062','EE4023','C','2013/2014'
'F1B111072','EE4023','C+','2013/2014'
'F1B111087','EE4023','D','2013/2014'
'F1B111089','EE4023','B','2013/2014'
'F1B110002','EK4115','B','2013/2014'
'F1B110003','EK4115','B','2013/2014'
'F1B110009','EK4115','B','2013/2014'
'F1B110010','EK4115','C','2013/2014'
'F1B110016','EK4115','B','2013/2014'
'F1B110021','EK4115','C+','2013/2014'
'F1B110026','EK4115','B+','2013/2014'
'F1B110029','EK4115','B','2013/2014'
'F1B110034','EK4115','C','2013/2014'
'F1B110048','EK4115','B+','2013/2014'
'F1B110049','EK4115','C+','2013/2014'
'F1B110064','EK4115','C+','2013/2014'
'F1B110068','EK4115','B','2013/2014'
'F1B110071','EK4115','C+','2013/2014'
'F1B110079','EK4115','C+','2013/2014'
'F1B110002','EK4116','B+','2013/2014'
'F1B110003','EK4116','B','2013/2014'
'F1B110009','EK4116','B+','2013/2014'
'F1B110010','EK4116','B+','2013/2014'
'F1B110016','EK4116','B','2013/2014'
'F1B110021','EK4116','B+','2013/2014'
'F1B110026','EK4116','B+','2013/2014'
'F1B110029','EK4116','A','2013/2014'
'F1B110034','EK4116','B+','2013/2014'
'F1B110048','EK4116','B+','2013/2014'
'F1B110049','EK4116','B','2013/2014'
'F1B110064','EK4116','B+','2013/2014'
'F1B110068','EK4116','C+','2013/2014'
'F1B110071','EK4116','C+','2013/2014'
'F1B110079','EK4116','B+','2013/2014'
'F1B110030','EU3137','E','2013/2014'
'F1B110038','EU3137','C','2013/2014'
'F1B110045','EU3137','D+','2013/2014'
'F1B110055','EU3137','B','2013/2014'
'F1B110072','EU3137','D','2013/2014'
'F1B111002','EU3137','D','2013/2014'
'F1B111005','EU3137','E','2013/2014'
'F1B111009','EU3137','E','2013/2014'
'F1B111012','EU3137','E','2013/2014'
'F1B111014','EU3137','E','2013/2014'
'F1B111015','EU3137','E','2013/2014'
'F1B111017','EU3137','D','2013/2014'
'F1B111019','EU3137','E','2013/2014'
'F1B111020','EU3137','E','2013/2014'
'F1B111021','EU3137','D+','2013/2014'
'F1B111024','EU3137','D','2013/2014'
'F1B111025','EU3137','E','2013/2014'
'F1B111027','EU3137','D','2013/2014'
'F1B111029','EU3137','E','2013/2014'
'F1B111031','EU3137','E','2013/2014'
'F1B111033','EU3137','E','2013/2014'
'F1B111034','EU3137','E','2013/2014'
'F1B111039','EU3137','C','2013/2014'
'F1B111040','EU3137','E','2013/2014'
'F1B111041','EU3137','D+','2013/2014'
'F1B111043','EU3137','D+','2013/2014'
'F1B111047','EU3137','D','2013/2014'
'F1B111049','EU3137','E','2013/2014'
'F1B111051','EU3137','D+','2013/2014'
'F1B111053','EU3137','D+','2013/2014'
'F1B111054','EU3137','C','2013/2014'
'F1B111059','EU3137','E','2013/2014'
'F1B111063','EU3137','E','2013/2014'
'F1B111075','EU3137','D','2013/2014'
'F1B111077','EU3137','E','2013/2014'
'F1B111080','EU3137','C','2013/2014'
'F1B111081','EU3137','E','2013/2014'
'F1B111083','EU3137','E','2013/2014'
'F1B111087','EU3137','E','2013/2014'
'F1B111088','EU3137','D','2013/2014'
'F1B111089','EU3137','D','2013/2014'
'F1B113035','EU3137','K','2013/2014'
'F1B110006','EL4026','C+','2013/2014'
'F1B110025','EL4026','A','2013/2014'
'F1B110042','EL4026','C+','2013/2014'
'F1B110045','EL4026','C+','2013/2014'
'F1B110055','EL4026','B','2013/2014'
'F1B110057','EL4026','B+','2013/2014'
'F1B110062','EL4026','B+','2013/2014'
'F1B110066','EL4026','A','2013/2014'
'F1B110078','EL4026','B','2013/2014'
'F1B111005','ET3102','C+','2013/2014'
'F1B111010','ET3102','D','2013/2014'
'F1B111012','ET3102','C+','2013/2014'
'F1B111017','ET3102','B+','2013/2014'
'F1B111022','ET3102','C+','2013/2014'
'F1B111025','ET3102','D','2013/2014'
'F1B111026','ET3102','B','2013/2014'
'F1B111032','ET3102','D','2013/2014'
'F1B111039','ET3102','B+','2013/2014'
'F1B111040','ET3102','C','2013/2014'
'F1B111049','ET3102','C+','2013/2014'
'F1B111054','ET3102','C+','2013/2014'
'F1B111070','ET3102','C','2013/2014'
'F1B111081','ET3102','D+','2013/2014'
'F1B111083','ET3102','D+','2013/2014'
'F1B110002','EK4114','B','2013/2014'
'F1B110003','EK4114','C','2013/2014'
'F1B110005','EK4114','B','2013/2014'
'F1B110009','EK4114','B','2013/2014'
'F1B110010','EK4114','C+','2013/2014'
'F1B110016','EK4114','C','2013/2014'
'F1B110021','EK4114','B','2013/2014'
'F1B110026','EK4114','C+','2013/2014'
'F1B110028','EK4114','B+','2013/2014'
'F1B110029','EK4114','C+','2013/2014'
'F1B110033','EK4114','B','2013/2014'
'F1B110034','EK4114','B','2013/2014'
'F1B110036','EK4114','B','2013/2014'
'F1B110048','EK4114','C','2013/2014'
'F1B110049','EK4114','C+','2013/2014'
'F1B110059','EK4114','C+','2013/2014'
'F1B110063','EK4114','C+','2013/2014'
'F1B110064','EK4114','B','2013/2014'
'F1B110067','EK4114','C+','2013/2014'
'F1B110068','EK4114','B','2013/2014'
'F1B110071','EK4114','C','2013/2014'
'F1B110077','EK4114','C+','2013/2014'
'F1B110079','EK4114','C+','2013/2014'
'F1B110005','EU3148','B+','2013/2014'
'F1B110059','EU3148','B+','2013/2014'
'F1B110063','EU3148','B+','2013/2014'
'F1B110077','EU3148','B+','2013/2014'
'F1B111002','EU3148','B+','2013/2014'
'F1B111014','EU3148','B+','2013/2014'
'F1B111015','EU3148','B+','2013/2014'
'F1B111021','EU3148','B+','2013/2014'
'F1B111023','EU3148','C+','2013/2014'
'F1B111024','EU3148','C+','2013/2014'
'F1B111029','EU3148','A','2013/2014'
'F1B111030','EU3148','E','2013/2014'
'F1B111031','EU3148','A','2013/2014'
'F1B111034','EU3148','B','2013/2014'
'F1B111041','EU3148','B+','2013/2014'
'F1B111042','EU3148','B','2013/2014'
'F1B111043','EU3148','B+','2013/2014'
'F1B111047','EU3148','B','2013/2014'
'F1B111053','EU3148','A','2013/2014'
'F1B111059','EU3148','B','2013/2014'
'F1B111063','EU3148','B','2013/2014'
'F1B111075','EU3148','B','2013/2014'
'F1B111077','EU3148','B','2013/2014'
'F1B111079','EU3148','A','2013/2014'
'F1B111080','EU3148','B+','2013/2014'
'F1B111088','EU3148','B+','2013/2014'
'F1B110005','EE3014','B+','2013/2014'
'F1B110028','EE3014','B','2013/2014'
'F1B110033','EE3014','B','2013/2014'
'F1B110063','EE3014','B','2013/2014'
'F1B111001','EE3014','K','2013/2014'
'F1B111005','ET3101','B','2013/2014'
'F1B111012','ET3101','B','2013/2014'
'F1B111017','ET3101','B+','2013/2014'
'F1B111020','ET3101','D','2013/2014'
'F1B111022','ET3101','B','2013/2014'
'F1B111025','ET3101','C+','2013/2014'
'F1B111026','ET3101','B','2013/2014'
'F1B111039','ET3101','B+','2013/2014'
'F1B111040','ET3101','B+','2013/2014'
'F1B111049','ET3101','B','2013/2014'
'F1B111054','ET3101','B','2013/2014'
'F1B111070','ET3101','B','2013/2014'
'F1B111081','ET3101','B','2013/2014'
'F1B111083','ET3101','B','2013/2014'
'F1B110062','EL3103','B','2013/2014'
'F1B111002','EL3103','B','2013/2014'
'F1B111014','EL3103','C','2013/2014'
'F1B111021','EL3103','C+','2013/2014'
'F1B111029','EL3103','B','2013/2014'
'F1B111030','EL3103','D+','2013/2014'
'F1B111031','EL3103','B','2013/2014'
'F1B111041','EL3103','D+','2013/2014'
'F1B111043','EL3103','B','2013/2014'
'F1B111053','EL3103','D+','2013/2014'
'F1B111059','EL3103','D+','2013/2014'
'F1B111063','EL3103','C','2013/2014'
'F1B111077','EL3103','D+','2013/2014'
'F1B111079','EL3103','C','2013/2014'
'F1B111088','EL3103','C','2013/2014'
